{
  "elbo": [
    286.25570305989584,
    249.87848817545574,
    244.52735216471353,
    242.1344614420573,
    240.49075685221354,
    239.3243206298828,
    238.53212919108074,
    237.8268292154948,
    237.26030026041667,
    236.74295041503908,
    236.2855954752604,
    235.92356059570312,
    235.6622532714844,
    235.44510073242188,
    235.1485366373698
  ],
  "recon": [
    275.81889310709636,
    239.1639987874349,
    233.67520728352864,
    231.0050191813151,
    229.0532708577474,
    227.70587150878907,
    226.7851103434245,
    225.96203988444012,
    225.29011986490886,
    224.68892971191406,
    224.15441268717447,
    223.7281722330729,
    223.42088798828124,
    223.15979706217448,
    222.8347105061849
  ],
  "kl": [
    10.436809715465705,
    10.71448915761312,
    10.852144921366374,
    11.129442533874512,
    11.43748583017985,
    11.61844941813151,
    11.747018747965495,
    11.864789489746094,
    11.970180354309083,
    12.054020537821453,
    12.131182820129395,
    12.19538838297526,
    12.241365363057454,
    12.28530362548828,
    12.313825944010416
  ],
  "test_elbo": [
    256.9074384765625,
    248.02164040527344,
    244.84046499023438,
    242.80119406738282,
    241.54230698242188,
    240.62005747070313,
    240.13922016601563,
    239.582398828125,
    238.9408319580078,
    238.6576884765625,
    238.07880729980468,
    238.03152150878907,
    237.85906369628907,
    237.48029208984374,
    237.28343564453124
  ],
  "wall_sec": [
    8.08884882926941,
    16.172300815582275,
    24.076224088668823,
    31.856919050216675,
    39.59290385246277,
    47.6715247631073,
    55.822185039520264,
    63.374550104141235,
    71.1120457649231,
    79.0035719871521,
    87.45232796669006,
    95.57009696960449,
    103.68042707443237,
    111.40090084075928,
    119.25341796875
  ]
}