{
  "elbo": [
    292.5206022786458,
    253.6531799967448,
    246.96366962076823,
    244.06587666829427,
    242.23935154622396,
    240.91200974121094,
    240.0995059000651,
    239.37263198242186,
    238.79153545735676,
    238.3734764404297,
    237.9619750325521,
    237.68368523763021,
    237.49278447265624,
    237.24303475748698,
    237.0063990966797
  ],
  "recon": [
    280.9683763997396,
    240.87009388834636,
    234.14693752441406,
    230.96246175944012,
    228.89777184244792,
    227.30320041503907,
    226.26966512858073,
    225.42851422526041,
    224.71767694498698,
    224.23474764811198,
    223.77965556640626,
    223.44200326334635,
    223.17137126464843,
    222.89589151204427,
    222.6560800374349
  ],
  "kl": [
    11.552225539914767,
    12.78308583017985,
    12.81673210296631,
    13.103415144348144,
    13.341579901123048,
    13.608809195454915,
    13.829840669759115,
    13.94411783243815,
    14.073858714294433,
    14.1387289545695,
    14.182319414774577,
    14.241681776936849,
    14.321412986755371,
    14.347143021138509,
    14.350319315083821
  ],
  "test_elbo": [
    261.0562832519531,
    250.85979501953125,
    247.24970830078124,
    244.87056860351564,
    243.37386096191406,
    242.10326110839844,
    241.62663466796874,
    241.04668220214845,
    240.35222172851562,
    239.82770446777343,
    239.61649086914062,
    239.56223422851562,
    239.3018767578125,
    239.11458312988282,
    239.1425043701172
  ],
  "wall_sec": [
    10.263594150543213,
    17.588950872421265,
    25.079838037490845,
    32.548547983169556,
    39.833335876464844,
    47.40788006782532,
    54.914554834365845,
    62.469178915023804,
    70.447350025177,
    77.8924310207367,
    85.12777709960938,
    92.57474112510681,
    100.30100798606873,
    107.91311073303223,
    115.2759599685669
  ]
}